date,domain,page,emails,form_found
2025-06-04 17:29,hot-thai-kitchen.com,https://hot-thai-kitchen.com/contact,"adam@hotthaikitchen.com, htk@hotthaikitchen.com, htk@hotthaikitchen.com",True
2025-06-04 17:29,hot-thai-kitchen.com,https://hot-thai-kitchen.com/contact-2/,"adam@hotthaikitchen.com, htk@hotthaikitchen.com, htk@hotthaikitchen.com",True
2025-06-04 17:29,hot-thai-kitchen.com,https://hot-thai-kitchen.com/thai-recipes-for-beginners/,,
2025-06-04 17:29,www.feastingathome.com,https://www.feastingathome.com/about/,"Sylvia@feastingathome.com, sylvia@feastingathome.com, sylvia@feastingathome.com",True
2025-06-04 17:29,www.feastingathome.com,https://www.feastingathome.com/10-warming-thai-recipes/,,
2025-06-04 17:29,www.recipetineats.com,https://www.recipetineats.com/contact/,"business@recipetineats.com, business@recipetineats.com, hello@recipetinmeals.org.au, hello@recipetinmeals.org.au, business@recipetineats.com, business@recipetineats.com, example@example.com",True
2025-06-04 17:29,www.recipetineats.com,https://www.recipetineats.com/category/cuisines/thai-recipes/,example@example.com,
2025-06-04 17:29,tastesbetterfromscratch.com,https://tastesbetterfromscratch.com/pad-thai/,techman0113@gmail.com,
2025-06-04 17:29,www.reddit.com,https://www.reddit.com/r/Thailand/comments/rcrwkj/suggestions_for_normal_family_meal_recipes_from/,"9f057df6115a4bb488c08ea12a835e6e@o418887.ingest.sentry.io, 9f057df6115a4bb488c08ea12a835e6e@error-tracking.reddit.com",
2025-06-04 17:29,www.youtube.com,https://www.youtube.com/watch?v=YQV489a9TUQ&pp=0gcJCdgAo7VqN5tD,andrew@marionskitchen.com,
2025-06-04 17:29,www.allrecipes.com,https://www.allrecipes.com/about-us-6648102,"alrcustserv@cdsfulfillment.com, alrcustserv@cdsfulfillment.com",True
2025-06-04 17:29,www.allrecipes.com,https://www.allrecipes.com/about-us-6648102#toc-contact-us,"alrcustserv@cdsfulfillment.com, alrcustserv@cdsfulfillment.com",True
2025-06-04 17:29,www.allrecipes.com,https://www.allrecipes.com/about-us-6648102#toc-product-reviews,"alrcustserv@cdsfulfillment.com, alrcustserv@cdsfulfillment.com",True
2025-06-04 17:29,www.allrecipes.com,https://www.allrecipes.com/about-us-6648102#toc-editorial-guidelines,"alrcustserv@cdsfulfillment.com, alrcustserv@cdsfulfillment.com",True
2025-06-04 17:29,www.allrecipes.com,https://www.allrecipes.com/easy-thai-inspired-recipes-11722426,,
2025-06-04 17:29,www.tasteofhome.com,https://www.tasteofhome.com/help/contact-us/,"digitalsupport@tasteofhome.com, customercare@tasteofhome.com, bookcustomerservice@rd.com, fieldeditors@tasteofhome.com, advertising@trustedmediabrands.com",True
2025-06-04 17:29,www.tasteofhome.com,https://www.tasteofhome.com/collection/thai-recipes/,"katie.bandurski@trustedmediabrands.com, Christina.Herbst@TrustedMediaBrands.com",
2025-06-04 17:29,www.bbcgoodfood.com,https://www.immediate.co.uk/brands/bbc-good-food-magazine/#advertising,"lily.barclay@immediate.co.uk, lily.barclay@immediate.co.uk, TATeam@immediate.co.uk, lily.barclay@immediate.co.uk, margaret.mcgonnell@immediate.co.uk, natasha.lee@immediate.co.uk, TATeam@immediate.co.uk",
2025-06-04 17:29,www.bbcgoodfood.com,https://www.bbcgoodfood.com/about-bbc-good-food,"goodfoodwebsite@immediate.co.uk, goodfoodwebsite@immediate.co.uk, goodfoodwebsite@immediate.co.uk, goodfoodwebsite@bbc.com, u003egoodfoodwebsite@bbc.com, goodfoodwebsite@bbc.com, u003egoodfoodwebsite@bbc.com, goodfood@immediate.co.uk",True
2025-06-04 17:29,www.bbcgoodfood.com,https://www.bbcgoodfood.com/health/nutrition/everything-you-need-to-know-about-protein,"goodfoodwebsite@bbc.com, u003egoodfoodwebsite@bbc.com, goodfoodwebsite@bbc.com, u003egoodfoodwebsite@bbc.com, goodfood@immediate.co.uk",True
2025-06-04 17:29,www.bbcgoodfood.com,https://www.bbcgoodfood.com/contact-us,"goodfood@immediate.co.uk, goodfood@immediate.co.uk, goodfood@immediate.co.uk, goodfood@immediate.co.uk, goodfood@immediate.co.uk, goodfood@immediate.co.uk, catherine.crosby@immediate.co.uk, catherine.crosby@immediate.co.uk, goodfood@immediate.co.uk, goodfood@immediate.co.uk, goodfood@immediate.co.uk, goodfood@immediate.co.uk, goodfood@immediate.co.uk, goodfood@immediate.co.uk, catherine.crosby@immediate.co.uk, catherine.crosby@immediate.co.uk, goodfood@immediate.co.uk, u003egoodfood@immediate.co.uk, goodfood@immediate.co.uk, u003egoodfood@immediate.co.uk, goodfood@immediate.co.uk, u003egoodfood@immediate.co.uk, catherine.crosby@immediate.co.uk, u003ecatherine.crosby@immediate.co.uk, goodfoodwebsite@bbc.com, u003egoodfoodwebsite@bbc.com, goodfoodwebsite@bbc.com, u003egoodfoodwebsite@bbc.com, goodfood@immediate.co.uk",True
2025-06-04 17:29,www.bbcgoodfood.com,https://www.bbcgoodfood.com/recipes/collection/thai-recipes,"goodfoodwebsite@bbc.com, u003egoodfoodwebsite@bbc.com, goodfoodwebsite@bbc.com, u003egoodfoodwebsite@bbc.com, goodfood@immediate.co.uk",
2025-06-04 17:29,www.food.com,https://www.food.com/how-to/about-us-31,"your@email.com, help@food.com, help@food.com, help@food.com, u003ehelp@food.com",True
2025-06-04 17:29,www.food.com,https://www.food.com/ideas/thai-food-recipes-at-home-6820,your@email.com,
2025-06-04 17:29,www.eatingthaifood.com,https://www.eatingthaifood.com/about/,"example@email.com, example@email.com, example@email.com",True
2025-06-04 17:29,www.eatingthaifood.com,https://www.eatingthaifood.com/about,"example@email.com, example@email.com, example@email.com",True
2025-06-04 17:29,www.eatingthaifood.com,https://www.eatingthaifood.com/contact/,example@email.com,True
2025-06-04 17:29,www.eatingthaifood.com,https://www.eatingthaifood.com/thai-recipes/,"example@email.com, example@email.com, example@email.com",
2025-06-04 17:29,www.thespruceeats.com,https://www.thespruceeats.com/about-us-4776236#toc-contact-us,"contact@thespruceeats.com, contact@thespruceeats.com",True
2025-06-04 17:29,www.thespruceeats.com,https://www.thespruceeats.com/about-us-4776236#toc-editorial-guidelines,"contact@thespruceeats.com, contact@thespruceeats.com",True
2025-06-04 17:29,www.thespruceeats.com,https://www.thespruceeats.com/about-us-4776236#toc-contact,"contact@thespruceeats.com, contact@thespruceeats.com",True
2025-06-04 17:29,www.thespruceeats.com,https://www.dotdashmeredith.com/advertising,"dcipher@dotdashmdp.com, dcipher@dotdashmdp.com, advertise@dotdashmdp.com, advertise@dotdashmdp.com, advertise@dotdashmdp.com, advertise@dotdashmdp.com, partners@dotdashmdp.com, partners@dotdashmdp.com, press@dotdashmdp.com, press@dotdashmdp.com, subscribe@dotdashmdp.com, subscribe@dotdashmdp.com, brandlicensing@dotdashmdp.com, brandlicensing@dotdashmdp.com, ic@dotdashmdp.com, ic@dotdashmdp.com, dcipher@dotdashmdp.com, dcipher@dotdashmdp.com, advertise@dotdashmdp.com, advertise@dotdashmdp.com, advertise@dotdashmdp.com",True
2025-06-04 17:29,www.thespruceeats.com,https://www.thespruceeats.com/about-us-4776236,"contact@thespruceeats.com, contact@thespruceeats.com",True
2025-06-04 17:29,www.thespruceeats.com,https://www.thespruceeats.com/top-classic-thai-food-dishes-4118933,,
2025-06-04 17:29,theviewfromgreatisland.com,https://theviewfromgreatisland.com/about,sue@theviewfromgreatisland.com,True
2025-06-04 17:29,theviewfromgreatisland.com,https://theviewfromgreatisland.com/contact/,"sue@theviewfromgreatisland.com, sue@theviewfromgreatisland.com",True
2025-06-04 17:29,theviewfromgreatisland.com,https://theviewfromgreatisland.com/about/,sue@theviewfromgreatisland.com,True
2025-06-04 17:29,theviewfromgreatisland.com,https://theviewfromgreatisland.com/6-easy-thai-recipes-you-can-make-at-home/,janedoe@gmail.com,
2025-06-04 17:29,www.onceuponachef.com,https://www.onceuponachef.com/contact,"logo@2x.png, ask-jenn@2x-360x360.jpg, ask-jenn@2x-360x360.jpg, ask-jenn@2x-150x150.jpg, ask-jenn@2x-575x575.jpg, ask-jenn@2x.jpg, logo@2x.png, ask-jenn@2x-360x360.jpg, ask-jenn@2x-360x360.jpg, ask-jenn@2x-150x150.jpg, ask-jenn@2x-575x575.jpg, ask-jenn@2x.jpg, weeknight-weekend-banner@2x.jpg, weeknight-weekend-banner@2x.jpg",True
2025-06-04 17:29,www.onceuponachef.com,https://www.onceuponachef.com/about-jenn-segal,"logo@2x.png, logo@2x.png, jennifer@onceuponachef.com, jennifer@onceuponachef.com, ask-jenn@2x-360x360.jpg, ask-jenn@2x-360x360.jpg, ask-jenn@2x-150x150.jpg, ask-jenn@2x-575x575.jpg, ask-jenn@2x.jpg, ask-jenn@2x-360x360.jpg, ask-jenn@2x-360x360.jpg, ask-jenn@2x-150x150.jpg, ask-jenn@2x-575x575.jpg, ask-jenn@2x.jpg, weeknight-weekend-banner@2x.jpg, weeknight-weekend-banner@2x.jpg",True
2025-06-04 17:29,www.onceuponachef.com,https://www.onceuponachef.com/about,"logo@2x.png, logo@2x.png, jennifer@onceuponachef.com, jennifer@onceuponachef.com, ask-jenn@2x-360x360.jpg, ask-jenn@2x-360x360.jpg, ask-jenn@2x-150x150.jpg, ask-jenn@2x-575x575.jpg, ask-jenn@2x.jpg, ask-jenn@2x-360x360.jpg, ask-jenn@2x-360x360.jpg, ask-jenn@2x-150x150.jpg, ask-jenn@2x-575x575.jpg, ask-jenn@2x.jpg, weeknight-weekend-banner@2x.jpg, weeknight-weekend-banner@2x.jpg",True
2025-06-04 17:29,www.onceuponachef.com,https://www.onceuponachef.com/recipes/pad-thai.html,"logo@2x.png, logo@2x.png, edamam@2x.png, edamam@2x.png, jennifer@onceuponachef.com, jennifer@onceuponachef.com, jenn-segal@2x-270x270.jpg, jenn-segal@2x-270x270.jpg, jenn-segal@2x-150x150.jpg, jenn-segal@2x.jpg, jenn-segal@2x-270x270.jpg, jenn-segal@2x-270x270.jpg, jenn-segal@2x-150x150.jpg, jenn-segal@2x.jpg, weeknight-weekend-side@2x.jpg, weeknight-weekend-side@2x.jpg, ask-jenn@2x-360x360.jpg, ask-jenn@2x-360x360.jpg, ask-jenn@2x-150x150.jpg, ask-jenn@2x-575x575.jpg, ask-jenn@2x.jpg, ask-jenn@2x-360x360.jpg, ask-jenn@2x-360x360.jpg, ask-jenn@2x-150x150.jpg, ask-jenn@2x-575x575.jpg, ask-jenn@2x.jpg, weeknight-weekend-banner@2x.jpg, weeknight-weekend-banner@2x.jpg",
2025-06-04 17:29,cooking.nytimes.com,https://cooking.nytimes.com/about-us,"1149bc99e5114535a75dfb311e5473cc@o82024.ingest.sentry.io, cookingcare@nytimes.com",True
2025-06-04 17:29,cooking.nytimes.com,https://cooking.nytimes.com/tag/thai,"1149bc99e5114535a75dfb311e5473cc@o82024.ingest.sentry.io, cookingcare@nytimes.com",
2025-06-04 17:29,www.seriouseats.com,https://www.seriouseats.com/about-us-5120006#toc-editorial-guidelines,"contact@seriouseats.com, contact@seriouseats.com, contact@seriouseats.com, contact@seriouseats.com, contact@seriouseats.com, contact@seriouseats.com, contact@seriouseats.com, contact@seriouseats.com, press@seriouseats.com, press@seriouseats.com, contact@seriouseats.com, archive@seriouseats.com, contact@seriouseats.com, contact@seriouseats.com, advertise@dotdash.com, advertise@dotdash.com",True
2025-06-04 17:29,www.seriouseats.com,https://www.dotdashmeredith.com/advertising,"dcipher@dotdashmdp.com, dcipher@dotdashmdp.com, advertise@dotdashmdp.com, advertise@dotdashmdp.com, advertise@dotdashmdp.com, advertise@dotdashmdp.com, partners@dotdashmdp.com, partners@dotdashmdp.com, press@dotdashmdp.com, press@dotdashmdp.com, subscribe@dotdashmdp.com, subscribe@dotdashmdp.com, brandlicensing@dotdashmdp.com, brandlicensing@dotdashmdp.com, ic@dotdashmdp.com, ic@dotdashmdp.com, dcipher@dotdashmdp.com, dcipher@dotdashmdp.com, advertise@dotdashmdp.com, advertise@dotdashmdp.com, advertise@dotdashmdp.com",True
2025-06-04 17:29,www.seriouseats.com,https://www.seriouseats.com/about-us-5120006,"contact@seriouseats.com, contact@seriouseats.com, contact@seriouseats.com, contact@seriouseats.com, contact@seriouseats.com, contact@seriouseats.com, contact@seriouseats.com, contact@seriouseats.com, press@seriouseats.com, press@seriouseats.com, contact@seriouseats.com, archive@seriouseats.com, contact@seriouseats.com, contact@seriouseats.com, advertise@dotdash.com, advertise@dotdash.com",True
2025-06-04 17:29,www.seriouseats.com,https://www.seriouseats.com/about-us-5120006#toc-recipe-development-and-testing,"contact@seriouseats.com, contact@seriouseats.com, contact@seriouseats.com, contact@seriouseats.com, contact@seriouseats.com, contact@seriouseats.com, contact@seriouseats.com, contact@seriouseats.com, press@seriouseats.com, press@seriouseats.com, contact@seriouseats.com, archive@seriouseats.com, contact@seriouseats.com, contact@seriouseats.com, advertise@dotdash.com, advertise@dotdash.com",True
2025-06-04 17:29,www.seriouseats.com,https://www.seriouseats.com/about-us-5120006#toc-contact-us,"contact@seriouseats.com, contact@seriouseats.com, contact@seriouseats.com, contact@seriouseats.com, contact@seriouseats.com, contact@seriouseats.com, contact@seriouseats.com, contact@seriouseats.com, press@seriouseats.com, press@seriouseats.com, contact@seriouseats.com, archive@seriouseats.com, contact@seriouseats.com, contact@seriouseats.com, advertise@dotdash.com, advertise@dotdash.com",True
2025-06-04 17:29,www.seriouseats.com,https://www.seriouseats.com/thai-food-recipes-8778567,,
2025-06-04 17:29,www.pinterest.com,https://www.pinterest.com/tigercorp/thai-food-recipes/,,
2025-06-04 17:29,andrewzimmern.com,https://andrewzimmern.com/contact/,"info@harrywalker.com, info@harrywalker.com, scott.feldman@two12.com, scott.feldman@two12.com, rebecca@brookspr.com, willie@brookspr.com, JBider@wmeagency.com, JBider@wmeagency.com, jp@andrewzimmern.com, jp@andrewzimmern.com, info@intuitivecontent.com, info@intuitivecontent.com",True
2025-06-04 17:29,andrewzimmern.com,https://andrewzimmern.com/recipes/7-easy-thai-recipes-to-make-at-home/,,
2025-06-04 17:29,m.youtube.com,https://m.youtube.com/watch?v=6kB3sfLM29Y&t=639s,,
2025-06-04 17:29,www.quora.com,https://www.quora.com/What-are-some-examples-of-authentic-Thai-dishes-that-can-be-made-at-home,"-4-ans_frontend-relay-lib-@nivo-bar-27-ec1386bdb7f47678.webpack, jo@samaritans.org, jo@samaritans.org, jo@samaritans.org, jo@samaritans.org, jo@samaritans.org, jo@samaritans.org, jo@samaritans.org, jo@samaritans.org, jo@samaritans.org, jo@samaritans.org",
2025-06-04 17:29,inquiringchef.com,https://inquiringchef.com/category/recipe/thai-recipes/,,
2025-06-04 17:29,www.yahoo.com,https://www.yahoo.com/lifestyle/17-easy-thai-inspired-recipes-210000374.html,"u003eBillhimself@yahoo.com, u003eBillhimself@yahoo.com",
2025-06-04 17:29,cuisineatlas.com,https://cuisineatlas.com/explore-countries/thai-food-recipes/,,
2025-06-04 17:29,www.delish.com,https://www.delish.com/about/a41646/advertise-delish/,"hdmadvertising@hearst.com, hdmadvertising@hearst.com, HearstProducts@cdsfulfillment.com, membersupport@delish.com, HearstProducts@cdsfulfillment.com, membersupport@delish.com, hdmadvertising@hearst.com",True
2025-06-04 17:29,www.delish.com,https://www.delish.com/about/a60636180/approved-delish-kitchen-testing-process/,"info@delish.com, info@delish.com, HearstProducts@cdsfulfillment.com, membersupport@delish.com, HearstProducts@cdsfulfillment.com, membersupport@delish.com, info@delish.com",True
2025-06-04 17:29,www.delish.com,https://www.delish.com/about/a61795077/how-to-turn-off-web-notifications/,"HearstProducts@cdsfulfillment.com, membersupport@delish.com, HearstProducts@cdsfulfillment.com, membersupport@delish.com",True
2025-06-04 17:29,www.delish.com,https://www.delish.com/about/a41645/community-guidelines/,"HearstProducts@cdsfulfillment.com, membersupport@delish.com, HearstProducts@cdsfulfillment.com, membersupport@delish.com",True
2025-06-04 17:29,www.delish.com,https://www.delish.com/about/a26446372/about-us-contact-information-team-masthead/,"HearstProducts@cdsfulfillment.com, membersupport@delish.com, allie.folino@hearst.com, HearstProducts@cdsfulfillment.com, membersupport@delish.com",True
2025-06-04 17:29,www.delish.com,https://www.delish.com/cooking/recipe-ideas/g38416806/easy-thai-recipes/,"HearstProducts@cdsfulfillment.com, membersupport@delish.com, HearstProducts@cdsfulfillment.com, membersupport@delish.com",
2025-06-04 17:29,boondockingrecipes.com,https://boondockingrecipes.com/30-traditional-thai-recipes/,,
2025-06-04 17:29,www.connoisseurusveg.com,https://www.connoisseurusveg.com/contact/,"alissa@connoisseurusveg.com, alissa@connoisseurusveg.com",True
2025-06-04 17:29,www.connoisseurusveg.com,https://www.connoisseurusveg.com/vegan-thai-recipes/,,
2025-06-04 17:29,www.earthinsquares.com,https://www.earthinsquares.com/contact-8,"earthinsquares@gmail.com, earthinsquares@gmail.com, 605a7baede844d278b89dc95ae0a9123@sentry-next.wixpress.com, 2062d0a4929b45348643784b5cb39c36@sentry.wixpress.com, 2062d0a4929b45348643784b5cb39c36@sentry.wixpress.com, 2062d0a4929b45348643784b5cb39c36@sentry.wixpress.com, 2062d0a4929b45348643784b5cb39c36@sentry.wixpress.com, 2062d0a4929b45348643784b5cb39c36@sentry.wixpress.com, 2062d0a4929b45348643784b5cb39c36@sentry.wixpress.com, 2062d0a4929b45348643784b5cb39c36@sentry.wixpress.com, 2062d0a4929b45348643784b5cb39c36@sentry.wixpress.com, 2062d0a4929b45348643784b5cb39c36@sentry.wixpress.com, 2062d0a4929b45348643784b5cb39c36@sentry.wixpress.com, 2062d0a4929b45348643784b5cb39c36@sentry.wixpress.com, 2062d0a4929b45348643784b5cb39c36@sentry.wixpress.com, 2062d0a4929b45348643784b5cb39c36@sentry.wixpress.com, 2062d0a4929b45348643784b5cb39c36@sentry.wixpress.com, 2062d0a4929b45348643784b5cb39c36@sentry.wixpress.com, 2062d0a4929b45348643784b5cb39c36@sentry.wixpress.com, 2062d0a4929b45348643784b5cb39c36@sentry.wixpress.com, 2062d0a4929b45348643784b5cb39c36@sentry.wixpress.com, 2062d0a4929b45348643784b5cb39c36@sentry.wixpress.com, 2062d0a4929b45348643784b5cb39c36@sentry.wixpress.com, 2062d0a4929b45348643784b5cb39c36@sentry.wixpress.com, 2062d0a4929b45348643784b5cb39c36@sentry.wixpress.com, 2062d0a4929b45348643784b5cb39c36@sentry.wixpress.com, 2062d0a4929b45348643784b5cb39c36@sentry.wixpress.com, 2062d0a4929b45348643784b5cb39c36@sentry.wixpress.com, 2062d0a4929b45348643784b5cb39c36@sentry.wixpress.com, 2062d0a4929b45348643784b5cb39c36@sentry.wixpress.com, 2062d0a4929b45348643784b5cb39c36@sentry.wixpress.com, 2062d0a4929b45348643784b5cb39c36@sentry.wixpress.com, 2062d0a4929b45348643784b5cb39c36@sentry.wixpress.com, 2062d0a4929b45348643784b5cb39c36@sentry.wixpress.com, 2062d0a4929b45348643784b5cb39c36@sentry.wixpress.com, 2062d0a4929b45348643784b5cb39c36@sentry.wixpress.com, 2062d0a4929b45348643784b5cb39c36@sentry.wixpress.com, 2062d0a4929b45348643784b5cb39c36@sentry.wixpress.com, 2062d0a4929b45348643784b5cb39c36@sentry.wixpress.com, 2062d0a4929b45348643784b5cb39c36@sentry.wixpress.com, 2062d0a4929b45348643784b5cb39c36@sentry.wixpress.com, 2062d0a4929b45348643784b5cb39c36@sentry.wixpress.com, 2062d0a4929b45348643784b5cb39c36@sentry.wixpress.com, 2062d0a4929b45348643784b5cb39c36@sentry.wixpress.com, 2062d0a4929b45348643784b5cb39c36@sentry.wixpress.com, 2062d0a4929b45348643784b5cb39c36@sentry.wixpress.com, 2062d0a4929b45348643784b5cb39c36@sentry.wixpress.com, 2062d0a4929b45348643784b5cb39c36@sentry.wixpress.com, 2062d0a4929b45348643784b5cb39c36@sentry.wixpress.com, 2062d0a4929b45348643784b5cb39c36@sentry.wixpress.com, 2062d0a4929b45348643784b5cb39c36@sentry.wixpress.com, 2062d0a4929b45348643784b5cb39c36@sentry.wixpress.com, 2062d0a4929b45348643784b5cb39c36@sentry.wixpress.com, 2062d0a4929b45348643784b5cb39c36@sentry.wixpress.com, 2062d0a4929b45348643784b5cb39c36@sentry.wixpress.com, 2062d0a4929b45348643784b5cb39c36@sentry.wixpress.com, 2062d0a4929b45348643784b5cb39c36@sentry.wixpress.com",True
2025-06-04 17:29,www.earthinsquares.com,https://www.earthinsquares.com/post/best-of-thai-food-with-recipes,"605a7baede844d278b89dc95ae0a9123@sentry-next.wixpress.com, 2062d0a4929b45348643784b5cb39c36@sentry.wixpress.com, 2062d0a4929b45348643784b5cb39c36@sentry.wixpress.com, 2062d0a4929b45348643784b5cb39c36@sentry.wixpress.com, 2062d0a4929b45348643784b5cb39c36@sentry.wixpress.com, 2062d0a4929b45348643784b5cb39c36@sentry.wixpress.com, 2062d0a4929b45348643784b5cb39c36@sentry.wixpress.com, 2062d0a4929b45348643784b5cb39c36@sentry.wixpress.com, 2062d0a4929b45348643784b5cb39c36@sentry.wixpress.com, 2062d0a4929b45348643784b5cb39c36@sentry.wixpress.com, 2062d0a4929b45348643784b5cb39c36@sentry.wixpress.com, 2062d0a4929b45348643784b5cb39c36@sentry.wixpress.com, 2062d0a4929b45348643784b5cb39c36@sentry.wixpress.com, 2062d0a4929b45348643784b5cb39c36@sentry.wixpress.com, 2062d0a4929b45348643784b5cb39c36@sentry.wixpress.com, 2062d0a4929b45348643784b5cb39c36@sentry.wixpress.com, 2062d0a4929b45348643784b5cb39c36@sentry.wixpress.com, 2062d0a4929b45348643784b5cb39c36@sentry.wixpress.com, 2062d0a4929b45348643784b5cb39c36@sentry.wixpress.com, 2062d0a4929b45348643784b5cb39c36@sentry.wixpress.com, 2062d0a4929b45348643784b5cb39c36@sentry.wixpress.com, 2062d0a4929b45348643784b5cb39c36@sentry.wixpress.com, 2062d0a4929b45348643784b5cb39c36@sentry.wixpress.com, 2062d0a4929b45348643784b5cb39c36@sentry.wixpress.com, 2062d0a4929b45348643784b5cb39c36@sentry.wixpress.com, 2062d0a4929b45348643784b5cb39c36@sentry.wixpress.com, 2062d0a4929b45348643784b5cb39c36@sentry.wixpress.com, 2062d0a4929b45348643784b5cb39c36@sentry.wixpress.com, 2062d0a4929b45348643784b5cb39c36@sentry.wixpress.com, 2062d0a4929b45348643784b5cb39c36@sentry.wixpress.com, 2062d0a4929b45348643784b5cb39c36@sentry.wixpress.com, 2062d0a4929b45348643784b5cb39c36@sentry.wixpress.com, 2062d0a4929b45348643784b5cb39c36@sentry.wixpress.com, 2062d0a4929b45348643784b5cb39c36@sentry.wixpress.com, 2062d0a4929b45348643784b5cb39c36@sentry.wixpress.com, 2062d0a4929b45348643784b5cb39c36@sentry.wixpress.com, 2062d0a4929b45348643784b5cb39c36@sentry.wixpress.com, 2062d0a4929b45348643784b5cb39c36@sentry.wixpress.com, 2062d0a4929b45348643784b5cb39c36@sentry.wixpress.com, 2062d0a4929b45348643784b5cb39c36@sentry.wixpress.com, 2062d0a4929b45348643784b5cb39c36@sentry.wixpress.com, 2062d0a4929b45348643784b5cb39c36@sentry.wixpress.com, 2062d0a4929b45348643784b5cb39c36@sentry.wixpress.com, 2062d0a4929b45348643784b5cb39c36@sentry.wixpress.com, 2062d0a4929b45348643784b5cb39c36@sentry.wixpress.com, 2062d0a4929b45348643784b5cb39c36@sentry.wixpress.com, 2062d0a4929b45348643784b5cb39c36@sentry.wixpress.com, 2062d0a4929b45348643784b5cb39c36@sentry.wixpress.com, 2062d0a4929b45348643784b5cb39c36@sentry.wixpress.com, 2062d0a4929b45348643784b5cb39c36@sentry.wixpress.com, 2062d0a4929b45348643784b5cb39c36@sentry.wixpress.com, 2062d0a4929b45348643784b5cb39c36@sentry.wixpress.com, 2062d0a4929b45348643784b5cb39c36@sentry.wixpress.com, 2062d0a4929b45348643784b5cb39c36@sentry.wixpress.com, 2062d0a4929b45348643784b5cb39c36@sentry.wixpress.com",
2025-06-04 17:29,www.bbc.co.uk,https://www.bbc.com/advertisingcontact,"julie.mayville@bbc.com, Julie.Mayville@bbc.com, Jacqueline.Greichen@bbc.com, Jacqueline.Greichen@bbc.com, Ahang.Ghorban@bbc.com, Ahang.Ghorban@bbc.com, Christina.Galonska@bbc.com, Christina.Galonska@bbc.com, NAM.Adsales@bbc.com, NAM.Adsales@bbc.com, Ali.Taher@bbc.com, Ali.Taher@bbc.com, Isla.Macleod@bbc.com, Isla.Macleod@bbc.com, Samantha.Adams@bbc.com, Samantha.Adams@bbc.com, Jamie.Chambers@bbc.com, Jamie.Chambers@bbc.com, Katy.Xu@bbc.com, Katy.Xu@bbc.com, Maki.Kajiyama@bbc.com, Maki.Kajiyama@bbc.com, John.Williams@bbc.com, John.Williams@bbc.com",
2025-06-04 17:29,www.bbc.co.uk,https://www.bbc.co.uk/food/collections/simply_thai,,
2025-06-04 17:29,worldofthaifood.com,https://worldofthaifood.com/contact,"info@worldofthaifood.com, user@domain.com, amy@worldofthaifood.com",True
2025-06-04 17:29,worldofthaifood.com,https://worldofthaifood.com/about,info@worldofthaifood.com,True
2025-06-04 17:29,worldofthaifood.com,https://worldofthaifood.com/recipes,info@worldofthaifood.com,
2025-06-04 17:29,www.thedailymeal.com,https://www.thedailymeal.com/about/,staff@thedailymeal.com,
2025-06-04 17:29,www.thedailymeal.com,https://www.thedailymeal.com/#advertise,staff@thedailymeal.com,
2025-06-04 17:29,www.thedailymeal.com,https://www.thedailymeal.com/18-thai-and-thai-inspired-dinner-recipes/,staff@thedailymeal.com,
2025-06-04 17:29,www.epicurious.com,https://www.epicurious.com/about/about-us,"help@newyorker.com, help@newyorker.com",True
2025-06-04 17:29,www.epicurious.com,https://www.epicurious.com/info/contact-us,"%20Help@epicurious.com, Help@epicurious.com, help@newyorker.com, %20Help@epicurious.com, Help@epicurious.com",True
2025-06-04 17:29,www.epicurious.com,https://www.epicurious.com/recipes-menus/thai-food-recipes-gallery,"help@newyorker.com, help@newyorker.com",
2025-06-04 17:29,www.hungryonion.org,https://www.hungryonion.org/t/simple-thai-food-april-2022-cookbook-of-the-month/28200,,
2025-06-04 17:29,twokooksinthekitchen.com,https://twokooksinthekitchen.com/best-pad-thai-recipe/,john@example.com,
